{
    "mse": 0.8023031419107477,
    "r2": 0.19839938695667303
}