{
    "mse": 0.7674874245435084,
    "r2": 0.23318461828289783
}